{"calibration_date": "2026-01-11", "calibration_data": "./Jan11_2026_132241calibration_image", "roi_side_length": 5, "grid_size": [10, 10], "atom 0": {"threshold": 5377.443147877516, "position_y": 39, "position_x": 56}, "atom 1": {"threshold": 5434.848888036291, "position_y": 40, "position_x": 74}, "atom 2": {"threshold": 5348.55018996649, "position_y": 42, "position_x": 92}, "atom 3": {"threshold": 5394.771922097692, "position_y": 43, "position_x": 110}, "atom 4": {"threshold": 5247.777333728164, "position_y": 44, "position_x": 128}, "atom 5": {"threshold": 5257.931721615326, "position_y": 46, "position_x": 146}, "atom 6": {"threshold": 5378.634153194317, "position_y": 47, "position_x": 165}, "atom 7": {"threshold": 5307.610732303462, "position_y": 49, "position_x": 182}, "atom 8": {"threshold": 5340.140845158321, "position_y": 50, "position_x": 201}, "atom 9": {"threshold": 5243.703410154357, "position_y": 52, "position_x": 219}, "atom 10": {"threshold": 5321.646959388766, "position_y": 57, "position_x": 54}, "atom 11": {"threshold": 5386.445189313924, "position_y": 58, "position_x": 72}, "atom 12": {"threshold": 5339.7988939746765, "position_y": 60, "position_x": 91}, "atom 13": {"threshold": 5317.243360959777, "position_y": 61, "position_x": 109}, "atom 14": {"threshold": 5280.408911234108, "position_y": 63, "position_x": 127}, "atom 15": {"threshold": 5333.322397008693, "position_y": 64, "position_x": 145}, "atom 16": {"threshold": 5148.358623957598, "position_y": 66, "position_x": 163}, "atom 17": {"threshold": 5415.771433452322, "position_y": 67, "position_x": 181}, "atom 18": {"threshold": 5285.658600340397, "position_y": 69, "position_x": 200}, "atom 19": {"threshold": 5288.621553843597, "position_y": 70, "position_x": 218}, "atom 20": {"threshold": 5408.530070947523, "position_y": 75, "position_x": 53}, "atom 21": {"threshold": 5347.409302212441, "position_y": 76, "position_x": 71}, "atom 22": {"threshold": 5399.017933449721, "position_y": 78, "position_x": 89}, "atom 23": {"threshold": 5292.084889839222, "position_y": 79, "position_x": 107}, "atom 24": {"threshold": 5371.129344301709, "position_y": 80, "position_x": 125}, "atom 25": {"threshold": 5310.074382272086, "position_y": 82, "position_x": 144}, "atom 26": {"threshold": 5283.266956945121, "position_y": 83, "position_x": 162}, "atom 27": {"threshold": 5345.953105066456, "position_y": 85, "position_x": 180}, "atom 28": {"threshold": 5242.38151388693, "position_y": 87, "position_x": 198}, "atom 29": {"threshold": 5041.000000001172, "position_y": 88, "position_x": 216}, "atom 30": {"threshold": 5369.636231829682, "position_y": 93, "position_x": 51}, "atom 31": {"threshold": 5346.940892670565, "position_y": 94, "position_x": 70}, "atom 32": {"threshold": 5284.956863011535, "position_y": 96, "position_x": 87}, "atom 33": {"threshold": 5329.75890639287, "position_y": 97, "position_x": 106}, "atom 34": {"threshold": 5333.465086148978, "position_y": 99, "position_x": 124}, "atom 35": {"threshold": 5310.009208233534, "position_y": 100, "position_x": 142}, "atom 36": {"threshold": 5271.065473603103, "position_y": 102, "position_x": 160}, "atom 37": {"threshold": 5345.513595307312, "position_y": 103, "position_x": 179}, "atom 38": {"threshold": 5351.967945926371, "position_y": 105, "position_x": 196}, "atom 39": {"threshold": 5293.156870417537, "position_y": 106, "position_x": 215}, "atom 40": {"threshold": 5248.895966055368, "position_y": 111, "position_x": 50}, "atom 41": {"threshold": 5383.86016315471, "position_y": 112, "position_x": 68}, "atom 42": {"threshold": 5307.594602134073, "position_y": 114, "position_x": 86}, "atom 43": {"threshold": 5333.601326475842, "position_y": 115, "position_x": 105}, "atom 44": {"threshold": 5288.9172546212, "position_y": 117, "position_x": 122}, "atom 45": {"threshold": 5338.910320164444, "position_y": 118, "position_x": 140}, "atom 46": {"threshold": 5229.574163854898, "position_y": 120, "position_x": 159}, "atom 47": {"threshold": 5240.925954793111, "position_y": 121, "position_x": 177}, "atom 48": {"threshold": 5317.310662445223, "position_y": 123, "position_x": 195}, "atom 49": {"threshold": 5320.554984749882, "position_y": 124, "position_x": 214}, "atom 50": {"threshold": 5304.1778843284865, "position_y": 129, "position_x": 48}, "atom 51": {"threshold": 5388.713088933005, "position_y": 130, "position_x": 66}, "atom 52": {"threshold": 5297.560138106468, "position_y": 132, "position_x": 85}, "atom 53": {"threshold": 5409.81638074959, "position_y": 133, "position_x": 103}, "atom 54": {"threshold": 5367.57462613251, "position_y": 135, "position_x": 121}, "atom 55": {"threshold": 5328.4071270667055, "position_y": 136, "position_x": 140}, "atom 56": {"threshold": 5377.913242719908, "position_y": 138, "position_x": 157}, "atom 57": {"threshold": 5329.146860585108, "position_y": 139, "position_x": 176}, "atom 58": {"threshold": 5311.0246287660375, "position_y": 140, "position_x": 194}, "atom 59": {"threshold": 5254.147257639544, "position_y": 142, "position_x": 212}, "atom 60": {"threshold": 5337.324576014942, "position_y": 147, "position_x": 47}, "atom 61": {"threshold": 5255.839407766795, "position_y": 148, "position_x": 65}, "atom 62": {"threshold": 5321.360367934739, "position_y": 150, "position_x": 83}, "atom 63": {"threshold": 5324.752616885963, "position_y": 152, "position_x": 101}, "atom 64": {"threshold": 5319.161419818353, "position_y": 153, "position_x": 120}, "atom 65": {"threshold": 5244.774380437831, "position_y": 154, "position_x": 137}, "atom 66": {"threshold": 5282.441104355831, "position_y": 156, "position_x": 156}, "atom 67": {"threshold": 5307.51290140231, "position_y": 157, "position_x": 174}, "atom 68": {"threshold": 5349.550786770939, "position_y": 159, "position_x": 192}, "atom 69": {"threshold": 5332.060591444033, "position_y": 160, "position_x": 211}, "atom 70": {"threshold": 5444.424934769432, "position_y": 165, "position_x": 46}, "atom 71": {"threshold": 5312.592046866507, "position_y": 167, "position_x": 64}, "atom 72": {"threshold": 5309.745735122194, "position_y": 168, "position_x": 82}, "atom 73": {"threshold": 5264.366597628563, "position_y": 170, "position_x": 100}, "atom 74": {"threshold": 5334.438628981576, "position_y": 171, "position_x": 118}, "atom 75": {"threshold": 5253.217864216638, "position_y": 172, "position_x": 137}, "atom 76": {"threshold": 5395.336513067751, "position_y": 174, "position_x": 154}, "atom 77": {"threshold": 5247.413653834058, "position_y": 175, "position_x": 173}, "atom 78": {"threshold": 5249.814352158117, "position_y": 177, "position_x": 191}, "atom 79": {"threshold": 5315.568114622448, "position_y": 178, "position_x": 209}, "atom 80": {"threshold": 5305.5504550521055, "position_y": 183, "position_x": 45}, "atom 81": {"threshold": 5359.8912090992235, "position_y": 185, "position_x": 62}, "atom 82": {"threshold": 5301.628484158058, "position_y": 186, "position_x": 81}, "atom 83": {"threshold": 5350.917276494511, "position_y": 188, "position_x": 99}, "atom 84": {"threshold": 5301.197649511349, "position_y": 189, "position_x": 117}, "atom 85": {"threshold": 5243.595615384373, "position_y": 191, "position_x": 135}, "atom 86": {"threshold": 5291.320630467401, "position_y": 192, "position_x": 153}, "atom 87": {"threshold": 5306.02248717018, "position_y": 193, "position_x": 171}, "atom 88": {"threshold": 5335.420865115363, "position_y": 195, "position_x": 189}, "atom 89": {"threshold": 5299.148147554647, "position_y": 197, "position_x": 208}, "atom 90": {"threshold": 5357.57621231423, "position_y": 202, "position_x": 43}, "atom 91": {"threshold": 5334.220712246958, "position_y": 203, "position_x": 61}, "atom 92": {"threshold": 5367.822824764397, "position_y": 204, "position_x": 79}, "atom 93": {"threshold": 5236.868753789741, "position_y": 206, "position_x": 97}, "atom 94": {"threshold": 5372.808455007634, "position_y": 207, "position_x": 115}, "atom 95": {"threshold": 5306.757990631997,