{"calibration_date": "2026-03-09", "calibration_data": "D:\\atom_calibration\\Mar09_2026_121410width", "roi_side_length": 5, "grid_size": [10, 10], "atom 0": {"threshold": 5262.404734993626, "position_y": 39, "position_x": 56}, "atom 1": {"threshold": 5258.674031647694, "position_y": 40, "position_x": 74}, "atom 2": {"threshold": 5240.016771442891, "position_y": 42, "position_x": 93}, "atom 3": {"threshold": 5279.705904022359, "position_y": 43, "position_x": 111}, "atom 4": {"threshold": 5204.606785089087, "position_y": 44, "position_x": 129}, "atom 5": {"threshold": 5200.651775985708, "position_y": 46, "position_x": 147}, "atom 6": {"threshold": 5202.153335653264, "position_y": 48, "position_x": 165}, "atom 7": {"threshold": 5218.97576302716, "position_y": 49, "position_x": 183}, "atom 8": {"threshold": 5214.8509224307445, "position_y": 50, "position_x": 201}, "atom 9": {"threshold": 5208.361630175836, "position_y": 52, "position_x": 220}, "atom 10": {"threshold": 5269.543487907603, "position_y": 57, "position_x": 55}, "atom 11": {"threshold": 5321.116839050545, "position_y": 58, "position_x": 73}, "atom 12": {"threshold": 5262.237345618531, "position_y": 60, "position_x": 91}, "atom 13": {"threshold": 5259.018535876112, "position_y": 61, "position_x": 109}, "atom 14": {"threshold": 5284.678893069836, "position_y": 63, "position_x": 127}, "atom 15": {"threshold": 5208.680642823459, "position_y": 64, "position_x": 146}, "atom 16": {"threshold": 5196.900496649537, "position_y": 66, "position_x": 164}, "atom 17": {"threshold": 5249.753034975271, "position_y": 67, "position_x": 182}, "atom 18": {"threshold": 5214.255043631599, "position_y": 69, "position_x": 200}, "atom 19": {"threshold": 5189.895245104698, "position_y": 70, "position_x": 218}, "atom 20": {"threshold": 5292.859313461264, "position_y": 75, "position_x": 53}, "atom 21": {"threshold": 5313.108069909133, "position_y": 76, "position_x": 72}, "atom 22": {"threshold": 5298.782442326559, "position_y": 78, "position_x": 90}, "atom 23": {"threshold": 5287.387462585933, "position_y": 79, "position_x": 108}, "atom 24": {"threshold": 5300.621457153846, "position_y": 81, "position_x": 126}, "atom 25": {"threshold": 5202.41231078674, "position_y": 82, "position_x": 144}, "atom 26": {"threshold": 5221.737166737391, "position_y": 84, "position_x": 162}, "atom 27": {"threshold": 5232.08228062461, "position_y": 85, "position_x": 180}, "atom 28": {"threshold": 5189.506529434493, "position_y": 87, "position_x": 198}, "atom 29": {"threshold": 5177.905468502385, "position_y": 88, "position_x": 217}, "atom 30": {"threshold": 5283.924154587559, "position_y": 93, "position_x": 52}, "atom 31": {"threshold": 5301.185723278163, "position_y": 94, "position_x": 70}, "atom 32": {"threshold": 5238.522194645242, "position_y": 96, "position_x": 88}, "atom 33": {"threshold": 5256.632508712174, "position_y": 97, "position_x": 106}, "atom 34": {"threshold": 5245.309198167514, "position_y": 99, "position_x": 125}, "atom 35": {"threshold": 5183.408528411912, "position_y": 100, "position_x": 142}, "atom 36": {"threshold": 5254.049025661794, "position_y": 102, "position_x": 161}, "atom 37": {"threshold": 5219.610617403525, "position_y": 103, "position_x": 179}, "atom 38": {"threshold": 5227.500938382463, "position_y": 105, "position_x": 197}, "atom 39": {"threshold": 5186.203698749514, "position_y": 106, "position_x": 215}, "atom 40": {"threshold": 5315.519775638449, "position_y": 111, "position_x": 50}, "atom 41": {"threshold": 5322.933592932109, "position_y": 113, "position_x": 68}, "atom 42": {"threshold": 5251.869580066608, "position_y": 114, "position_x": 87}, "atom 43": {"threshold": 5237.145308973491, "position_y": 115, "position_x": 105}, "atom 44": {"threshold": 5259.959875685415, "position_y": 117, "position_x": 123}, "atom 45": {"threshold": 5216.660890097422, "position_y": 118, "position_x": 141}, "atom 46": {"threshold": 5197.802505057087, "position_y": 120, "position_x": 159}, "atom 47": {"threshold": 5235.60331643401, "position_y": 121, "position_x": 178}, "atom 48": {"threshold": 5199.238057722054, "position_y": 123, "position_x": 195}, "atom 49": {"threshold": 5188.3474022413, "position_y": 124, "position_x": 214}, "atom 50": {"threshold": 5271.832632619822, "position_y": 129, "position_x": 49}, "atom 51": {"threshold": 5295.923104968337, "position_y": 131, "position_x": 67}, "atom 52": {"threshold": 5305.898886406053, "position_y": 132, "position_x": 85}, "atom 53": {"threshold": 5255.553370629284, "position_y": 133, "position_x": 103}, "atom 54": {"threshold": 5260.146745474559, "position_y": 135, "position_x": 122}, "atom 55": {"threshold": 5231.157356561724, "position_y": 136, "position_x": 140}, "atom 56": {"threshold": 5281.464481794725, "position_y": 138, "position_x": 158}, "atom 57": {"threshold": 5259.956166867353, "position_y": 139, "position_x": 176}, "atom 58": {"threshold": 5194.497384390433, "position_y": 141, "position_x": 194}, "atom 59": {"threshold": 5171.445171848722, "position_y": 142, "position_x": 212}, "atom 60": {"threshold": 5271.766996099506, "position_y": 147, "position_x": 47}, "atom 61": {"threshold": 5232.40201663253, "position_y": 149, "position_x": 66}, "atom 62": {"threshold": 5239.092539899165, "position_y": 150, "position_x": 84}, "atom 63": {"threshold": 5302.980847094233, "position_y": 152, "position_x": 102}, "atom 64": {"threshold": 5247.902449975547, "position_y": 153, "position_x": 120}, "atom 65": {"threshold": 5230.817272156266, "position_y": 155, "position_x": 138}, "atom 66": {"threshold": 5217.025170114646, "position_y": 156, "position_x": 157}, "atom 67": {"threshold": 5228.0785898923, "position_y": 157, "position_x": 175}, "atom 68": {"threshold": 5225.58068337752, "position_y": 159, "position_x": 193}, "atom 69": {"threshold": 5210.064292056557, "position_y": 160, "position_x": 211}, "atom 70": {"threshold": 5349.434237291455, "position_y": 165, "position_x": 46}, "atom 71": {"threshold": 5281.780609441038, "position_y": 167, "position_x": 64}, "atom 72": {"threshold": 5257.20701484575, "position_y": 168, "position_x": 82}, "atom 73": {"threshold": 5285.027433571799, "position_y": 170, "position_x": 100}, "atom 74": {"threshold": 5245.983153791215, "position_y": 171, "position_x": 119}, "atom 75": {"threshold": 5273.05196181333, "position_y": 172, "position_x": 137}, "atom 76": {"threshold": 5266.233149786393, "position_y": 174, "position_x": 155}, "atom 77": {"threshold": 5185.860268639475, "position_y": 176, "position_x": 173}, "atom 78": {"threshold": 5244.16680913145, "position_y": 177, "position_x": 192}, "atom 79": {"threshold": 5202.951655961401, "position_y": 179, "position_x": 209}, "atom 80": {"threshold": 5326.354584257218, "position_y": 183, "position_x": 45}, "atom 81": {"threshold": 5258.309296220907, "position_y": 185, "position_x": 63}, "atom 82": {"threshold": 5283.963423688556, "position_y": 186, "position_x": 81}, "atom 83": {"threshold": 5295.401401179252, "position_y": 188, "position_x": 99}, "atom 84": {"threshold": 5252.110791713136, "position_y": 189, "position_x": 117}, "atom 85": {"threshold": 5235.962077976956, "position_y": 191, "position_x": 135}, "atom 86": {"threshold": 5276.280059519105, "position_y": 192, "position_x": 154}, "atom 87": {"threshold": 5238.398787645951, "position_y": 194, "position_x": 172}, "atom 88": {"threshold": 5231.321628598092, "position_y": 195, "position_x": 190}, "atom 89": {"threshold": 5221.729760927871, "position_y": 197, "position_x": 208}, "atom 90": {"threshold": 5318.717428590938, "position_y": 202, "position_x": 43}, "atom 91": {"threshold": 5276.91290314165, "position_y": 203, "position_x": 61}, "atom 92": {"threshold": 5314.662458928731, "position_y": 205, "position_x": 79}, "atom 93": {"threshold": 5232.728186149883, "position_y": 206, "position_x": 98}, "atom 94": {"threshold": 5277.529832418774, "position_y": 207, "position_x": 116}, "atom 95": {"threshold": 5258.443988566892,